epoch,train_loss,valid_loss,accuracy,macro_f1,time
-1,,,,,2024-07-04 16:12:30.040842
0,0.09858021140098572,3.5761611461639404,0.6675084233283997,0.6098505014466287,0:37
1,0.08368781208992004,1.0525575876235962,0.6792929172515869,0.6515745526326748,0:37
2,0.0785892903804779,0.08129038661718369,0.8728955984115601,0.870597776194017,0:37
3,0.07654166966676712,0.12914986908435822,0.8287037014961243,0.8263133911942535,0:34
4,0.07631147652864456,0.10383010655641556,0.880471408367157,0.8796838761099046,0:37
